VEND_ID,VEND_STREET,VEND_NAME,VEND_STATE,VEND_CITY,VEND_ZIP
5,1185 BIGLERVILLE CIRCLE,National Wholesale Consolidated,VT,Sweek Hollow,5483
12,355 WILDWOOD DRIVE,International Decor Partners,FL,South Miami,33143
5,1185 BIGLERVILLE CIRCLE,National Wholesale Consolidated,VT,Sweek Hollow,5483
21,1492 AUSTIN AVENUE,Internation Solvents of Virginia,VA,Cross Jct,22625
19,1874 LAWLOR CIRCLE,S Plymouth Solubles Workshop,NY,S Plymouth,13844
7,1286 RICHARD EVELYN BYRD STREET,Kenny Paints Workshop,MI,Grand Ledge,48837
17,1353 STEPHEN CIRCLE,Linden Consolidated,MI,Linden,48451
2,377 LONGHORN STREET,Warren Paints Consolidated,VT,Beebe Plain,5823
6,1777 EASTWIND COURT,Pine Hill Chemical Warehouse,PA,Pine Hill,17901
7,1286 RICHARD EVELYN BYRD STREET,Kenny Paints Workshop,MI,Grand Ledge,48837
9,382 FLORENCE CIRCLE,Donahue Solubles of West Virginia,WV,Huntington,25700
10,1839 DEMEURE PLACE,Lambert Decor of New Hampshire,NH,Brookfield,3872
8,222 SEWARD 34TH RAMP,Baltimore Paints Consolidated,MD,Baltimore,21222
20,527 ELDERBERRY STREET,Irvington Wholesale Workshop,KY,Irvington,40146
20,527 ELDERBERRY STREET,Irvington Wholesale Workshop,KY,Irvington,40146
21,1492 AUSTIN AVENUE,Internation Solvents of Virginia,VA,Cross Jct,22625
13,200 AERO AVENUE,Boykin Chemical Workshop,VA,Arlington,22218
22,1404 SEWARD NB ON TUDOR RAMP,Rivera Decor Partners,MI,Orchard Lake,48324
17,1353 STEPHEN CIRCLE,Linden Consolidated,MI,Linden,48451
5,1185 BIGLERVILLE CIRCLE,National Wholesale Consolidated,VT,Sweek Hollow,5483
22,1404 SEWARD NB ON TUDOR RAMP,Rivera Decor Partners,MI,Orchard Lake,48324
21,1492 AUSTIN AVENUE,Internation Solvents of Virginia,VA,Cross Jct,22625
15,454 WINDJAMMER CIRCLE,Unlimited Wholesale of Ohio,OH,Rowsburg,44866
11,1951 WEST 28TH COURT,Super Solubles of Pennsylvania,PA,Laporte,18626
20,527 ELDERBERRY STREET,Irvington Wholesale Workshop,KY,Irvington,40146
10,1839 DEMEURE PLACE,Lambert Decor of New Hampshire,NH,Brookfield,3872
10,1839 DEMEURE PLACE,Lambert Decor of New Hampshire,NH,Brookfield,3872
15,454 WINDJAMMER CIRCLE,Unlimited Wholesale of Ohio,OH,Rowsburg,44866
15,454 WINDJAMMER CIRCLE,Unlimited Wholesale of Ohio,OH,Rowsburg,44866
5,1185 BIGLERVILLE CIRCLE,National Wholesale Consolidated,VT,Sweek Hollow,5483
16,1618 CARIN PLACE,National Solubles Partners,NC,Newport,28570
6,1777 EASTWIND COURT,Pine Hill Chemical Warehouse,PA,Pine Hill,17901
20,527 ELDERBERRY STREET,Irvington Wholesale Workshop,KY,Irvington,40146
20,527 ELDERBERRY STREET,Irvington Wholesale Workshop,KY,Irvington,40146
21,1492 AUSTIN AVENUE,Internation Solvents of Virginia,VA,Cross Jct,22625
16,1618 CARIN PLACE,National Solubles Partners,NC,Newport,28570
14,632 GLENN NB ON MULDOON RAMP,Watkins Wholesale Warehouse,MA,Westfield,1086
22,1404 SEWARD NB ON TUDOR RAMP,Rivera Decor Partners,MI,Orchard Lake,48324
13,200 AERO AVENUE,Boykin Chemical Workshop,VA,Arlington,22218
15,454 WINDJAMMER CIRCLE,Unlimited Wholesale of Ohio,OH,Rowsburg,44866
15,454 WINDJAMMER CIRCLE,Unlimited Wholesale of Ohio,OH,Rowsburg,44866
3,1105 OLSON CIRCLE,Leal Decor Workshop,PA,Lake Lynn,15439
15,454 WINDJAMMER CIRCLE,Unlimited Wholesale of Ohio,OH,Rowsburg,44866
15,454 WINDJAMMER CIRCLE,Unlimited Wholesale of Ohio,OH,Rowsburg,44866
8,222 SEWARD 34TH RAMP,Baltimore Paints Consolidated,MD,Baltimore,21222
21,1492 AUSTIN AVENUE,Internation Solvents of Virginia,VA,Cross Jct,22625
21,1492 AUSTIN AVENUE,Internation Solvents of Virginia,VA,Cross Jct,22625
22,1404 SEWARD NB ON TUDOR RAMP,Rivera Decor Partners,MI,Orchard Lake,48324
15,454 WINDJAMMER CIRCLE,Unlimited Wholesale of Ohio,OH,Rowsburg,44866
15,454 WINDJAMMER CIRCLE,Unlimited Wholesale of Ohio,OH,Rowsburg,44866
12,355 WILDWOOD DRIVE,International Decor Partners,FL,South Miami,33143
21,1492 AUSTIN AVENUE,Internation Solvents of Virginia,VA,Cross Jct,22625
13,200 AERO AVENUE,Boykin Chemical Workshop,VA,Arlington,22218
22,1404 SEWARD NB ON TUDOR RAMP,Rivera Decor Partners,MI,Orchard Lake,48324
3,1105 OLSON CIRCLE,Leal Decor Workshop,PA,Lake Lynn,15439
16,1618 CARIN PLACE,National Solubles Partners,NC,Newport,28570
15,454 WINDJAMMER CIRCLE,Unlimited Wholesale of Ohio,OH,Rowsburg,44866
15,454 WINDJAMMER CIRCLE,Unlimited Wholesale of Ohio,OH,Rowsburg,44866
5,1185 BIGLERVILLE CIRCLE,National Wholesale Consolidated,VT,Sweek Hollow,5483
2,377 LONGHORN STREET,Warren Paints Consolidated,VT,Beebe Plain,5823
18,1174 SPRUCEWOOD STREET,Ledbetter Chemical of Vermont,VT,Brimstone Corners,5761
14,632 GLENN NB ON MULDOON RAMP,Watkins Wholesale Warehouse,MA,Westfield,1086
21,1492 AUSTIN AVENUE,Internation Solvents of Virginia,VA,Cross Jct,22625
5,1185 BIGLERVILLE CIRCLE,National Wholesale Consolidated,VT,Sweek Hollow,5483
7,1286 RICHARD EVELYN BYRD STREET,Kenny Paints Workshop,MI,Grand Ledge,48837
22,1404 SEWARD NB ON TUDOR RAMP,Rivera Decor Partners,MI,Orchard Lake,48324
13,200 AERO AVENUE,Boykin Chemical Workshop,VA,Arlington,22218
18,1174 SPRUCEWOOD STREET,Ledbetter Chemical of Vermont,VT,Brimstone Corners,5761
8,222 SEWARD 34TH RAMP,Baltimore Paints Consolidated,MD,Baltimore,21222
22,1404 SEWARD NB ON TUDOR RAMP,Rivera Decor Partners,MI,Orchard Lake,48324
19,1874 LAWLOR CIRCLE,S Plymouth Solubles Workshop,NY,S Plymouth,13844
3,1105 OLSON CIRCLE,Leal Decor Workshop,PA,Lake Lynn,15439
17,1353 STEPHEN CIRCLE,Linden Consolidated,MI,Linden,48451
3,1105 OLSON CIRCLE,Leal Decor Workshop,PA,Lake Lynn,15439
14,632 GLENN NB ON MULDOON RAMP,Watkins Wholesale Warehouse,MA,Westfield,1086
15,454 WINDJAMMER CIRCLE,Unlimited Wholesale of Ohio,OH,Rowsburg,44866
22,1404 SEWARD NB ON TUDOR RAMP,Rivera Decor Partners,MI,Orchard Lake,48324
17,1353 STEPHEN CIRCLE,Linden Consolidated,MI,Linden,48451
6,1777 EASTWIND COURT,Pine Hill Chemical Warehouse,PA,Pine Hill,17901
2,377 LONGHORN STREET,Warren Paints Consolidated,VT,Beebe Plain,5823
21,1492 AUSTIN AVENUE,Internation Solvents of Virginia,VA,Cross Jct,22625
21,1492 AUSTIN AVENUE,Internation Solvents of Virginia,VA,Cross Jct,22625
21,1492 AUSTIN AVENUE,Internation Solvents of Virginia,VA,Cross Jct,22625
9,382 FLORENCE CIRCLE,Donahue Solubles of West Virginia,WV,Huntington,25700
21,1492 AUSTIN AVENUE,Internation Solvents of Virginia,VA,Cross Jct,22625
20,527 ELDERBERRY STREET,Irvington Wholesale Workshop,KY,Irvington,40146
1,1625 BAY VIEW DRIVE,Mt Blanchard Solvents Supplies,OH,Mt Blanchard,45867
10,1839 DEMEURE PLACE,Lambert Decor of New Hampshire,NH,Brookfield,3872
18,1174 SPRUCEWOOD STREET,Ledbetter Chemical of Vermont,VT,Brimstone Corners,5761
22,1404 SEWARD NB ON TUDOR RAMP,Rivera Decor Partners,MI,Orchard Lake,48324
22,1404 SEWARD NB ON TUDOR RAMP,Rivera Decor Partners,MI,Orchard Lake,48324
21,1492 AUSTIN AVENUE,Internation Solvents of Virginia,VA,Cross Jct,22625
15,454 WINDJAMMER CIRCLE,Unlimited Wholesale of Ohio,OH,Rowsburg,44866
22,1404 SEWARD NB ON TUDOR RAMP,Rivera Decor Partners,MI,Orchard Lake,48324
19,1874 LAWLOR CIRCLE,S Plymouth Solubles Workshop,NY,S Plymouth,13844
13,200 AERO AVENUE,Boykin Chemical Workshop,VA,Arlington,22218
22,1404 SEWARD NB ON TUDOR RAMP,Rivera Decor Partners,MI,Orchard Lake,48324
19,1874 LAWLOR CIRCLE,S Plymouth Solubles Workshop,NY,S Plymouth,13844
21,1492 AUSTIN AVENUE,Internation Solvents of Virginia,VA,Cross Jct,22625
10,1839 DEMEURE PLACE,Lambert Decor of New Hampshire,NH,Brookfield,3872
21,1492 AUSTIN AVENUE,Internation Solvents of Virginia,VA,Cross Jct,22625
22,1404 SEWARD NB ON TUDOR RAMP,Rivera Decor Partners,MI,Orchard Lake,48324
1,1625 BAY VIEW DRIVE,Mt Blanchard Solvents Supplies,OH,Mt Blanchard,45867
21,1492 AUSTIN AVENUE,Internation Solvents of Virginia,VA,Cross Jct,22625
1,1625 BAY VIEW DRIVE,Mt Blanchard Solvents Supplies,OH,Mt Blanchard,45867
16,1618 CARIN PLACE,National Solubles Partners,NC,Newport,28570
7,1286 RICHARD EVELYN BYRD STREET,Kenny Paints Workshop,MI,Grand Ledge,48837
3,1105 OLSON CIRCLE,Leal Decor Workshop,PA,Lake Lynn,15439
5,1185 BIGLERVILLE CIRCLE,National Wholesale Consolidated,VT,Sweek Hollow,5483
20,527 ELDERBERRY STREET,Irvington Wholesale Workshop,KY,Irvington,40146
21,1492 AUSTIN AVENUE,Internation Solvents of Virginia,VA,Cross Jct,22625
21,1492 AUSTIN AVENUE,Internation Solvents of Virginia,VA,Cross Jct,22625
22,1404 SEWARD NB ON TUDOR RAMP,Rivera Decor Partners,MI,Orchard Lake,48324
14,632 GLENN NB ON MULDOON RAMP,Watkins Wholesale Warehouse,MA,Westfield,1086
2,377 LONGHORN STREET,Warren Paints Consolidated,VT,Beebe Plain,5823
6,1777 EASTWIND COURT,Pine Hill Chemical Warehouse,PA,Pine Hill,17901
7,1286 RICHARD EVELYN BYRD STREET,Kenny Paints Workshop,MI,Grand Ledge,48837
22,1404 SEWARD NB ON TUDOR RAMP,Rivera Decor Partners,MI,Orchard Lake,48324
21,1492 AUSTIN AVENUE,Internation Solvents of Virginia,VA,Cross Jct,22625
11,1951 WEST 28TH COURT,Super Solubles of Pennsylvania,PA,Laporte,18626
3,1105 OLSON CIRCLE,Leal Decor Workshop,PA,Lake Lynn,15439
2,377 LONGHORN STREET,Warren Paints Consolidated,VT,Beebe Plain,5823
17,1353 STEPHEN CIRCLE,Linden Consolidated,MI,Linden,48451
3,1105 OLSON CIRCLE,Leal Decor Workshop,PA,Lake Lynn,15439
2,377 LONGHORN STREET,Warren Paints Consolidated,VT,Beebe Plain,5823
10,1839 DEMEURE PLACE,Lambert Decor of New Hampshire,NH,Brookfield,3872
21,1492 AUSTIN AVENUE,Internation Solvents of Virginia,VA,Cross Jct,22625
21,1492 AUSTIN AVENUE,Internation Solvents of Virginia,VA,Cross Jct,22625
7,1286 RICHARD EVELYN BYRD STREET,Kenny Paints Workshop,MI,Grand Ledge,48837
21,1492 AUSTIN AVENUE,Internation Solvents of Virginia,VA,Cross Jct,22625
5,1185 BIGLERVILLE CIRCLE,National Wholesale Consolidated,VT,Sweek Hollow,5483
15,454 WINDJAMMER CIRCLE,Unlimited Wholesale of Ohio,OH,Rowsburg,44866
17,1353 STEPHEN CIRCLE,Linden Consolidated,MI,Linden,48451
7,1286 RICHARD EVELYN BYRD STREET,Kenny Paints Workshop,MI,Grand Ledge,48837
6,1777 EASTWIND COURT,Pine Hill Chemical Warehouse,PA,Pine Hill,17901
21,1492 AUSTIN AVENUE,Internation Solvents of Virginia,VA,Cross Jct,22625
15,454 WINDJAMMER CIRCLE,Unlimited Wholesale of Ohio,OH,Rowsburg,44866
16,1618 CARIN PLACE,National Solubles Partners,NC,Newport,28570
8,222 SEWARD 34TH RAMP,Baltimore Paints Consolidated,MD,Baltimore,21222
9,382 FLORENCE CIRCLE,Donahue Solubles of West Virginia,WV,Huntington,25700
15,454 WINDJAMMER CIRCLE,Unlimited Wholesale of Ohio,OH,Rowsburg,44866
15,454 WINDJAMMER CIRCLE,Unlimited Wholesale of Ohio,OH,Rowsburg,44866
15,454 WINDJAMMER CIRCLE,Unlimited Wholesale of Ohio,OH,Rowsburg,44866
3,1105 OLSON CIRCLE,Leal Decor Workshop,PA,Lake Lynn,15439
22,1404 SEWARD NB ON TUDOR RAMP,Rivera Decor Partners,MI,Orchard Lake,48324
14,632 GLENN NB ON MULDOON RAMP,Watkins Wholesale Warehouse,MA,Westfield,1086
21,1492 AUSTIN AVENUE,Internation Solvents of Virginia,VA,Cross Jct,22625
15,454 WINDJAMMER CIRCLE,Unlimited Wholesale of Ohio,OH,Rowsburg,44866
18,1174 SPRUCEWOOD STREET,Ledbetter Chemical of Vermont,VT,Brimstone Corners,5761
17,1353 STEPHEN CIRCLE,Linden Consolidated,MI,Linden,48451
6,1777 EASTWIND COURT,Pine Hill Chemical Warehouse,PA,Pine Hill,17901
16,1618 CARIN PLACE,National Solubles Partners,NC,Newport,28570
4,1278 STORMY PLACE,Ripley Warehouse,TN,Ripley,38063
20,527 ELDERBERRY STREET,Irvington Wholesale Workshop,KY,Irvington,40146
21,1492 AUSTIN AVENUE,Internation Solvents of Virginia,VA,Cross Jct,22625
22,1404 SEWARD NB ON TUDOR RAMP,Rivera Decor Partners,MI,Orchard Lake,48324
21,1492 AUSTIN AVENUE,Internation Solvents of Virginia,VA,Cross Jct,22625
15,454 WINDJAMMER CIRCLE,Unlimited Wholesale of Ohio,OH,Rowsburg,44866
21,1492 AUSTIN AVENUE,Internation Solvents of Virginia,VA,Cross Jct,22625
19,1874 LAWLOR CIRCLE,S Plymouth Solubles Workshop,NY,S Plymouth,13844
22,1404 SEWARD NB ON TUDOR RAMP,Rivera Decor Partners,MI,Orchard Lake,48324
2,377 LONGHORN STREET,Warren Paints Consolidated,VT,Beebe Plain,5823
6,1777 EASTWIND COURT,Pine Hill Chemical Warehouse,PA,Pine Hill,17901
21,1492 AUSTIN AVENUE,Internation Solvents of Virginia,VA,Cross Jct,22625
13,200 AERO AVENUE,Boykin Chemical Workshop,VA,Arlington,22218
15,454 WINDJAMMER CIRCLE,Unlimited Wholesale of Ohio,OH,Rowsburg,44866
14,632 GLENN NB ON MULDOON RAMP,Watkins Wholesale Warehouse,MA,Westfield,1086
22,1404 SEWARD NB ON TUDOR RAMP,Rivera Decor Partners,MI,Orchard Lake,48324
15,454 WINDJAMMER CIRCLE,Unlimited Wholesale of Ohio,OH,Rowsburg,44866
12,355 WILDWOOD DRIVE,International Decor Partners,FL,South Miami,33143
21,1492 AUSTIN AVENUE,Internation Solvents of Virginia,VA,Cross Jct,22625
15,454 WINDJAMMER CIRCLE,Unlimited Wholesale of Ohio,OH,Rowsburg,44866
5,1185 BIGLERVILLE CIRCLE,National Wholesale Consolidated,VT,Sweek Hollow,5483
19,1874 LAWLOR CIRCLE,S Plymouth Solubles Workshop,NY,S Plymouth,13844
22,1404 SEWARD NB ON TUDOR RAMP,Rivera Decor Partners,MI,Orchard Lake,48324
15,454 WINDJAMMER CIRCLE,Unlimited Wholesale of Ohio,OH,Rowsburg,44866
21,1492 AUSTIN AVENUE,Internation Solvents of Virginia,VA,Cross Jct,22625
15,454 WINDJAMMER CIRCLE,Unlimited Wholesale of Ohio,OH,Rowsburg,44866
8,222 SEWARD 34TH RAMP,Baltimore Paints Consolidated,MD,Baltimore,21222
20,527 ELDERBERRY STREET,Irvington Wholesale Workshop,KY,Irvington,40146
22,1404 SEWARD NB ON TUDOR RAMP,Rivera Decor Partners,MI,Orchard Lake,48324
6,1777 EASTWIND COURT,Pine Hill Chemical Warehouse,PA,Pine Hill,17901
22,1404 SEWARD NB ON TUDOR RAMP,Rivera Decor Partners,MI,Orchard Lake,48324
15,454 WINDJAMMER CIRCLE,Unlimited Wholesale of Ohio,OH,Rowsburg,44866
22,1404 SEWARD NB ON TUDOR RAMP,Rivera Decor Partners,MI,Orchard Lake,48324
6,1777 EASTWIND COURT,Pine Hill Chemical Warehouse,PA,Pine Hill,17901
11,1951 WEST 28TH COURT,Super Solubles of Pennsylvania,PA,Laporte,18626
21,1492 AUSTIN AVENUE,Internation Solvents of Virginia,VA,Cross Jct,22625
13,200 AERO AVENUE,Boykin Chemical Workshop,VA,Arlington,22218
7,1286 RICHARD EVELYN BYRD STREET,Kenny Paints Workshop,MI,Grand Ledge,48837
17,1353 STEPHEN CIRCLE,Linden Consolidated,MI,Linden,48451
7,1286 RICHARD EVELYN BYRD STREET,Kenny Paints Workshop,MI,Grand Ledge,48837
3,1105 OLSON CIRCLE,Leal Decor Workshop,PA,Lake Lynn,15439
17,1353 STEPHEN CIRCLE,Linden Consolidated,MI,Linden,48451
21,1492 AUSTIN AVENUE,Internation Solvents of Virginia,VA,Cross Jct,22625
4,1278 STORMY PLACE,Ripley Warehouse,TN,Ripley,38063
3,1105 OLSON CIRCLE,Leal Decor Workshop,PA,Lake Lynn,15439
22,1404 SEWARD NB ON TUDOR RAMP,Rivera Decor Partners,MI,Orchard Lake,48324
16,1618 CARIN PLACE,National Solubles Partners,NC,Newport,28570
14,632 GLENN NB ON MULDOON RAMP,Watkins Wholesale Warehouse,MA,Westfield,1086
17,1353 STEPHEN CIRCLE,Linden Consolidated,MI,Linden,48451
21,1492 AUSTIN AVENUE,Internation Solvents of Virginia,VA,Cross Jct,22625
15,454 WINDJAMMER CIRCLE,Unlimited Wholesale of Ohio,OH,Rowsburg,44866
2,377 LONGHORN STREET,Warren Paints Consolidated,VT,Beebe Plain,5823
22,1404 SEWARD NB ON TUDOR RAMP,Rivera Decor Partners,MI,Orchard Lake,48324
1,1625 BAY VIEW DRIVE,Mt Blanchard Solvents Supplies,OH,Mt Blanchard,45867
22,1404 SEWARD NB ON TUDOR RAMP,Rivera Decor Partners,MI,Orchard Lake,48324
2,377 LONGHORN STREET,Warren Paints Consolidated,VT,Beebe Plain,5823
15,454 WINDJAMMER CIRCLE,Unlimited Wholesale of Ohio,OH,Rowsburg,44866
16,1618 CARIN PLACE,National Solubles Partners,NC,Newport,28570
12,355 WILDWOOD DRIVE,International Decor Partners,FL,South Miami,33143
5,1185 BIGLERVILLE CIRCLE,National Wholesale Consolidated,VT,Sweek Hollow,5483
17,1353 STEPHEN CIRCLE,Linden Consolidated,MI,Linden,48451
10,1839 DEMEURE PLACE,Lambert Decor of New Hampshire,NH,Brookfield,3872
18,1174 SPRUCEWOOD STREET,Ledbetter Chemical of Vermont,VT,Brimstone Corners,5761
9,382 FLORENCE CIRCLE,Donahue Solubles of West Virginia,WV,Huntington,25700
5,1185 BIGLERVILLE CIRCLE,National Wholesale Consolidated,VT,Sweek Hollow,5483
21,1492 AUSTIN AVENUE,Internation Solvents of Virginia,VA,Cross Jct,22625
6,1777 EASTWIND COURT,Pine Hill Chemical Warehouse,PA,Pine Hill,17901
2,377 LONGHORN STREET,Warren Paints Consolidated,VT,Beebe Plain,5823
7,1286 RICHARD EVELYN BYRD STREET,Kenny Paints Workshop,MI,Grand Ledge,48837
22,1404 SEWARD NB ON TUDOR RAMP,Rivera Decor Partners,MI,Orchard Lake,48324
21,1492 AUSTIN AVENUE,Internation Solvents of Virginia,VA,Cross Jct,22625
16,1618 CARIN PLACE,National Solubles Partners,NC,Newport,28570
22,1404 SEWARD NB ON TUDOR RAMP,Rivera Decor Partners,MI,Orchard Lake,48324
21,1492 AUSTIN AVENUE,Internation Solvents of Virginia,VA,Cross Jct,22625
4,1278 STORMY PLACE,Ripley Warehouse,TN,Ripley,38063
11,1951 WEST 28TH COURT,Super Solubles of Pennsylvania,PA,Laporte,18626
14,632 GLENN NB ON MULDOON RAMP,Watkins Wholesale Warehouse,MA,Westfield,1086
21,1492 AUSTIN AVENUE,Internation Solvents of Virginia,VA,Cross Jct,22625
1,1625 BAY VIEW DRIVE,Mt Blanchard Solvents Supplies,OH,Mt Blanchard,45867
7,1286 RICHARD EVELYN BYRD STREET,Kenny Paints Workshop,MI,Grand Ledge,48837
16,1618 CARIN PLACE,National Solubles Partners,NC,Newport,28570
21,1492 AUSTIN AVENUE,Internation Solvents of Virginia,VA,Cross Jct,22625
5,1185 BIGLERVILLE CIRCLE,National Wholesale Consolidated,VT,Sweek Hollow,5483
3,1105 OLSON CIRCLE,Leal Decor Workshop,PA,Lake Lynn,15439
15,454 WINDJAMMER CIRCLE,Unlimited Wholesale of Ohio,OH,Rowsburg,44866
15,454 WINDJAMMER CIRCLE,Unlimited Wholesale of Ohio,OH,Rowsburg,44866
22,1404 SEWARD NB ON TUDOR RAMP,Rivera Decor Partners,MI,Orchard Lake,48324
15,454 WINDJAMMER CIRCLE,Unlimited Wholesale of Ohio,OH,Rowsburg,44866
9,382 FLORENCE CIRCLE,Donahue Solubles of West Virginia,WV,Huntington,25700
22,1404 SEWARD NB ON TUDOR RAMP,Rivera Decor Partners,MI,Orchard Lake,48324
22,1404 SEWARD NB ON TUDOR RAMP,Rivera Decor Partners,MI,Orchard Lake,48324
15,454 WINDJAMMER CIRCLE,Unlimited Wholesale of Ohio,OH,Rowsburg,44866
13,200 AERO AVENUE,Boykin Chemical Workshop,VA,Arlington,22218
15,454 WINDJAMMER CIRCLE,Unlimited Wholesale of Ohio,OH,Rowsburg,44866
5,1185 BIGLERVILLE CIRCLE,National Wholesale Consolidated,VT,Sweek Hollow,5483
22,1404 SEWARD NB ON TUDOR RAMP,Rivera Decor Partners,MI,Orchard Lake,48324
21,1492 AUSTIN AVENUE,Internation Solvents of Virginia,VA,Cross Jct,22625
3,1105 OLSON CIRCLE,Leal Decor Workshop,PA,Lake Lynn,15439
11,1951 WEST 28TH COURT,Super Solubles of Pennsylvania,PA,Laporte,18626
21,1492 AUSTIN AVENUE,Internation Solvents of Virginia,VA,Cross Jct,22625
